{"cameraMode":{"drawMode":0,"name":"Shaded","section":"Shading Mode"},"sceneLighting":false,"audioPlay":false,"sceneViewState":{"showFog":true,"showMaterialUpdate":false,"showSkybox":false,"showFlares":true,"showImageEffects":true,"showParticleSystems":true},"in2DMode":false,"pivot":{"x":4.820000171661377,"y":0.42000001668930056,"z":0.0},"rotation":{"x":-0.14713147282600404,"y":-0.8346682190895081,"z":0.26811379194259646,"w":-0.45803532004356387},"size":3.2245607376098635,"orthographic":false}