{"cameraMode":{"drawMode":0,"name":"Shaded","section":"Shading Mode"},"sceneLighting":false,"audioPlay":false,"sceneViewState":{"showFog":true,"showMaterialUpdate":false,"showSkybox":false,"showFlares":true,"showImageEffects":true,"showParticleSystems":true},"in2DMode":false,"pivot":{"x":0.4496096968650818,"y":0.7594854831695557,"z":-0.3068520426750183},"rotation":{"x":-0.14713147282600404,"y":-0.8346682190895081,"z":0.26811379194259646,"w":-0.45803532004356387},"size":4.5183491706848148,"orthographic":false}