{"cameraMode":{"drawMode":0,"name":"Shaded","section":"Shading Mode"},"sceneLighting":true,"audioPlay":false,"sceneViewState":{"showFog":true,"showMaterialUpdate":false,"showSkybox":true,"showFlares":true,"showImageEffects":true,"showParticleSystems":true},"in2DMode":false,"pivot":{"x":1.7226839065551758,"y":1.3910683393478394,"z":-40.697166442871097},"rotation":{"x":-0.24702779948711396,"y":-0.5871920585632324,"z":0.19446603953838349,"w":-0.7458992600440979},"size":9.982068061828614,"orthographic":false}